序号,专利权人,申请日,专利名称,专利号,授权公告日,专利类型,发明专利申请公布号,授权公告号,案件状态,主分类号
1,青岛迈金智能科技股份有限公司,2025-07-16,摇车状态检测方法、系统及电子设备,2025109854265,,发明专利,CN120800426A,,等待实审提案,G01C23/00
2,青岛迈金智能科技股份有限公司,2025-06-27,一种变速控制装置及骑行设备,2025108842858,,发明专利,CN120422989A,,等待实审提案,B62M25/04
3,青岛迈金智能科技股份有限公司,2025-06-04,一种转弯压弯角的解算和提醒方法及系统,2025107415564,,发明专利,CN120327659A,,等待实审提案,B62J45/41
4,青岛迈金智能科技股份有限公司,2025-06-03,功率曲线估算方法、系统及电子设备、存储介质,2025107344709,,发明专利,CN120632257A,,等待实审提案,G06F17/10
5,青岛迈金智能科技股份有限公司,2025-06-03,一种运动负荷估算方法、系统及交互系统,2025107345171,,发明专利,CN120600225A,,等待实审提案,G16H20/30
6,青岛迈金智能科技股份有限公司,2025-05-26,一种基于毫米波雷达的后方车辆检测方法和系统,2025106879947,,发明专利,CN120428188A,,等待实审提案,G01S7/41
7,青岛迈金智能科技股份有限公司,2025-04-29,一种骑行过程的无风速度和体感海拔的估算方法和系统,2025105607606,,发明专利,CN120429527A,,等待实审提案,G06F17/10
8,青岛迈金智能科技股份有限公司,2025-04-25,一种基于路书导航的特殊弯道识别方法和识别系统,2025105345270,,发明专利,CN120403697A,,等待实审提案,G01C21/36
9,青岛迈金智能科技股份有限公司,2025-04-21,码表,2025105046989,,发明专利,CN120379186A,,等待实审提案,H05K5/03
10,青岛迈金智能科技股份有限公司,2025-04-21,一种指导参数估算方法、系统、交互系统及码表,2025105047731,,发明专利,CN120319401A,,等待实审提案,G16H20/30
11,青岛迈金智能科技股份有限公司,2025-04-15,一种骑行功率估算方法及系统,2025104769251,,发明专利,CN120372149A,,等待实审提案,G06F17/18
12,青岛迈金智能科技股份有限公司,2025-03-06,一种带安全恒流输出的自发电骑行台,2025102652652,,发明专利,CN120127901A,,等待实审提案,H02K7/18
13,青岛迈金智能科技股份有限公司,2025-01-16,一种脂肪消耗速度估算方法、系统、交互系统及码表,2025100730498,,发明专利,CN119964724A,,等年登印费,G16H20/30
14,青岛迈金智能科技股份有限公司,2025-01-03,一种可测量码表实际温度的码表,2025100136688,,发明专利,CN119756631A,,等待实审提案,G01K15/00
15,青岛迈金智能科技股份有限公司,2025-01-03,一种支持快速调试电子变速器的系统及方法,2025100127956,,发明专利,CN119935539A,,等待实审提案,G01M13/02
16,青岛迈金智能科技股份有限公司,2024-12-31,一种自适应导航偏航的规划方法和规划装置,2024119967477,,发明专利,CN119845279A,,等待实审提案,G01C21/20
17,青岛迈金智能科技股份有限公司,2024-12-31,最优坡度信息获取方法、系统及电子设备,2024119892220,,发明专利,CN119903121A,,等待实审提案,G06F16/29
18,青岛迈金智能科技股份有限公司,2024-12-31,一种轨迹最近点查找方法及其应用的码表,2024119978024,,发明专利,CN119845249A,,等待实审提案,G01C21/00
19,青岛迈金智能科技股份有限公司,2024-11-25,一种骑行功率估算方法、估算系统及估算交互系统,2024116985045,,发明专利,CN119446532A,,公告封卷,G16H50/30
20,青岛迈金智能科技股份有限公司,2024-11-15,真实骑行与骑行动画同步的方法及骑行模拟系统,202411640310X,,发明专利,CN119516048A,,等待实审提案,G06T13/20
21,青岛迈金智能科技股份有限公司,2024-11-14,一种跑步功率的计算方法和计算装置,2024116302128,,发明专利,CN119498821A,,等待实审提案,A61B5/11
22,青岛迈金智能科技股份有限公司,2024-10-28,骑行台及骑行设备,2024226134764,2025-09-26,实用新型,,CN223381036U,专利权维持,A63B22/04
23,青岛迈金智能科技股份有限公司,2024-10-23,智能码表,2024306675448,2025-06-03,外观设计,,CN309318071S,专利权维持,1004
24,青岛迈金智能科技股份有限公司,2024-10-22,心率带,2024306639935,2025-07-04,外观设计,,CN309370104S,专利权维持,2401
25,青岛迈金智能科技股份有限公司,2024-10-22,一种针对骑行运动的实时体力的计算方法和计算装置,2024114797821,,发明专利,CN119480005A,,公告封卷,G16H20/60
26,青岛迈金智能科技股份有限公司,2024-10-18,骑行台,2024306571720,2025-05-30,外观设计,,CN309315055S,专利权维持,2102
27,青岛迈金智能科技股份有限公司,2024-10-17,一种自行车电子变速电源系统,2024114571026,,发明专利,CN119190235A,,等待实审提案,B62J43/30
28,青岛迈金智能科技股份有限公司,2024-09-20,一种最大摄氧量估算方法、估算系统及估算交互系统,2024113174217,,发明专利,CN119252482A,,等待实审提案,G16H50/30
29,青岛迈金智能科技股份有限公司,2024-09-20,一种最大心率估算方法、估算系统及估算交互系统,2024113208482,,发明专利,CN119271946A,,等待实审提案,G06F17/15
30,青岛迈金智能科技股份有限公司,2024-09-19,一种自行车踏板,2024222883025,2025-06-24,实用新型,,CN223014831U,专利权维持,B62M3/08
31,青岛迈金智能科技股份有限公司,2024-09-19,刹车卡钳,2024305954843,2025-06-06,外观设计,,CN309323799S,专利权维持,1216
32,青岛迈金智能科技股份有限公司,2024-09-13,一种心率带,2024222586546,2025-08-22,实用新型,,CN223248191U,专利权维持,A61B5/024
33,青岛迈金智能科技股份有限公司,2024-09-11,码表与传感器的动态连接方法、码表、设备以及介质,2024112753621,,发明专利,CN119136081A,,等待实审提案,H04Q9/00
34,青岛迈金智能科技股份有限公司,2024-08-26,一种运动效率检测方法及系统、电子设备,2024111809051,,发明专利,CN119097903A,,等待实审提案,A63B71/06
35,青岛迈金智能科技股份有限公司,2024-08-20,骑行台,2024111484172,,发明专利,CN118890872A,,等待实审提案,H05K7/20
36,青岛迈金智能科技股份有限公司,2024-08-20,一种骑行台支撑结构及骑行台,2024111494526,,发明专利,CN118846485A,,等待实审提案,A63B69/16
37,青岛迈金智能科技股份有限公司,2024-08-20,一种骑行台,2024111483729,,发明专利,CN118973206A,,等待实审提案,H05K7/20
38,青岛迈金智能科技股份有限公司,2024-08-20,一种骑行台的散热组件,2024220287906,2025-06-24,实用新型,,CN223024829U,专利权维持,H05K7/20
39,青岛迈金智能科技股份有限公司,2024-08-20,一种骑行台离心风道装置及骑行台,2024111495336,,发明专利,CN118949377A,,等待实审提案,A63B69/16
40,青岛迈金智能科技股份有限公司,2024-08-13,一种地图导航路线的处理方法、码表、电子设备,2024111079754,,发明专利,CN119063725A,,等待实审提案,G01C21/20
41,青岛迈金智能科技股份有限公司,2024-08-07,检测功率设备运行状态的方法、系统、电子设备,2024110790683,,发明专利,CN119086119A,,等待实审提案,G01M99/00
42,青岛迈金智能科技股份有限公司,2024-08-05,一种骑行台的支撑结构以及骑行台,202421879584X,2025-06-20,实用新型,,CN222998241U,专利权维持,A63B69/16
43,青岛迈金智能科技股份有限公司,2024-07-25,一种心率带,2024217762904,2025-06-24,实用新型,,CN223009125U,专利权维持,A61B5/0245
44,青岛迈金智能科技股份有限公司,2024-07-15,一种骑行台红外检测结构及骑行台,2024216664497,2025-06-20,实用新型,,CN223006319U,专利权维持,G01V8/10
45,青岛迈金智能科技股份有限公司,2024-06-25,一种导链组件,2024214690590,2025-02-28,实用新型,,CN222538968U,专利权维持,B62M9/126
46,青岛迈金智能科技股份有限公司,2024-06-25,一种导链组件,2024108284912,,发明专利,CN118494667A,,等待实审提案,B62M9/126
47,青岛迈金智能科技股份有限公司,2024-06-21,一种电子变速器,2024108109082,,发明专利,CN118722945A,,等待实审提案,B62M25/08
48,青岛迈金智能科技股份有限公司,2024-06-21,一种电子变速器,202421436773X,2025-06-27,实用新型,,CN223031194U,专利权维持,B62M9/122
49,青岛迈金智能科技股份有限公司,2024-06-20,中置电机及骑行设备,202410806338X,,发明专利,CN118478978A,,等待实审提案,B62M6/50
50,青岛迈金智能科技股份有限公司,2024-06-20,电助力车的中置电机中轴结构,2024214262329,2025-02-25,实用新型,,CN222522814U,专利权维持,B62M6/55
51,青岛迈金智能科技股份有限公司,2024-06-20,中轴结构及中置电机,2024108051611,,发明专利,CN118478979A,,等待实审提案,B62M6/55
52,青岛迈金智能科技股份有限公司,2024-06-20,一种中置电机中轴结构,2024108052417,,发明专利,CN118701208A,,等待实审提案,B62M6/50
53,青岛迈金智能科技股份有限公司,2024-06-20,中置电机传动系统及中置电机,2024214262155,2025-03-07,实用新型,,CN222572475U,专利权维持,B62M6/55
54,青岛迈金智能科技股份有限公司,2024-06-20,中置电机,2024214235406,2025-02-21,实用新型,,CN222512286U,专利权维持,B62M6/55
55,青岛迈金智能科技股份有限公司,2024-06-14,一种骑行台的支腿开合组件,2024213654915,2025-07-15,实用新型,,CN223096084U,专利权维持,A63B69/16
56,青岛迈金智能科技股份有限公司,2024-06-06,连接结构及骑行设备,2024212877418,2025-01-10,实用新型,,CN222329931U,专利权维持,B62M3/00
57,青岛迈金智能科技股份有限公司,2024-06-04,自行车花鼓,2024303378030,2025-02-11,外观设计,,CN309105434S,专利权维持,1211
58,青岛迈金智能科技股份有限公司,2024-06-04,自行车花鼓,202430337805X,2025-02-11,外观设计,,CN309105435S,专利权维持,1211
59,青岛迈金智能科技股份有限公司,2024-06-04,自行车花鼓,2024303377983,2025-02-11,外观设计,,CN309105433S,专利权维持,1211
60,青岛迈金智能科技股份有限公司,2024-06-04,自行车花鼓,2024303378115,2025-02-11,外观设计,,CN309105436S,专利权维持,1211
61,青岛迈金智能科技股份有限公司,2024-05-08,一种用于多终端开关机控制的骑行系统,2024105623426,,发明专利,CN118368315A,,等待实审提案,H04L67/125
62,青岛迈金智能科技股份有限公司,2024-04-11,自行车夹器,2024302011804,2025-02-11,外观设计,,CN309105405S,专利权维持,1211
63,青岛迈金智能科技股份有限公司,2024-04-11,一种磁吸式脚踏功率模块充电结构,2024207453656,2025-01-03,实用新型,,CN222301439U,专利权维持,H02J7/00
64,青岛迈金智能科技股份有限公司,2024-04-11,一种电子后变速器及骑行设备,2024104354329,,发明专利,CN118144913A,,等待实审提案,B62M9/122
65,青岛迈金智能科技股份有限公司,2024-04-11,自行车夹器支架,202430201302X,2024-12-06,外观设计,,CN308988340S,专利权维持,1211
66,青岛迈金智能科技股份有限公司,2024-03-29,一种虚拟功率的计算方法和计算装置,2024103811577,,发明专利,CN118267683A,,等待实审提案,A63B24/00
67,青岛迈金智能科技股份有限公司,2024-03-13,一种可轴向位置调节的骑行台单级飞轮结构及骑行台,2024102863502,,发明专利,CN118286662A,,等待实审提案,A63B69/16
68,青岛迈金智能科技股份有限公司,2024-03-13,自行车花鼓辐条结构、车轮及自行车,2024102864628,,发明专利,CN118024775A,,等待实审提案,B60B1/04
69,青岛迈金智能科技股份有限公司,2024-02-06,自行车雷达探测的目标补偿方法、装置、设备及介质,2024101702378,,发明专利,CN117949909A,,等待实审提案,G01S7/40
70,青岛迈金智能科技股份有限公司,2024-02-05,一种自行车手变,202420278887X,2025-01-03,实用新型,,CN222291919U,专利权维持,B62L3/02
71,青岛迈金智能科技股份有限公司,2024-01-19,盘爪功率计,2024300360162,2024-09-10,外观设计,,CN308827681S,专利权维持,1004
72,青岛迈金智能科技股份有限公司,2024-01-19,盘爪功率计,2024300360459,2024-07-19,外观设计,,CN308738916S,专利权维持,1004
73,青岛迈金智能科技股份有限公司,2024-01-16,电子变速器及骑行设备,2024100619301,,发明专利,CN117719624A,,等待实审提案,B62M9/132
74,青岛迈金智能科技股份有限公司,2024-01-12,一种码表,2024200797268,2024-10-01,实用新型,,CN221794803U,专利权维持,B62J50/21
75,青岛迈金智能科技股份有限公司,2024-01-11,一种自行车座管电池组件,2024200706517,2024-07-26,实用新型,,CN221418491U,专利权维持,B62J43/28
76,青岛迈金智能科技股份有限公司,2024-01-11,一种TPU气嘴及其制备工艺,2024100453861,,发明专利,CN118024497A,,等待实审提案,B29C45/16
77,青岛迈金智能科技股份有限公司,2024-01-09,骑行车变速控制器,2024300133192,2024-07-23,外观设计,,CN308746645S,专利权维持,1211
78,青岛迈金智能科技股份有限公司,2024-01-08,码表,2024300085930,2024-07-23,外观设计,,CN308746133S,专利权维持,1004
79,青岛迈金智能科技股份有限公司,2024-01-08,公路车脚踏功率计磁吸充电座,2024300104043,2024-09-10,外观设计,,CN308828435S,专利权维持,1302
80,青岛迈金智能科技股份有限公司,2023-12-14,一种无功率输入的FTP计算方法和计算装置,2023117253389,,发明专利,CN117672524A,,等待实审提案,G16H50/30
81,青岛迈金智能科技股份有限公司,2023-12-14,一种基于心率特征和功率输入的FTP计算方法和计算装置,2023117253779,,发明专利,CN117688275A,,等待实审提案,G06F17/10
82,青岛迈金智能科技股份有限公司,2023-11-29,电子后变速器及骑行设备,2023116137785,,发明专利,CN117698898A,,等待实审提案,B62M9/126
83,青岛迈金智能科技股份有限公司,2023-11-29,电子后变速器及骑行设备,2023232363592,2024-07-26,实用新型,,CN221418522U,专利权维持,B62M9/126
84,青岛迈金智能科技股份有限公司,2023-11-27,自行车智能前灯,2023307749410,2024-07-23,外观设计,,CN308749617S,专利权维持,2606
85,青岛迈金智能科技股份有限公司,2023-11-23,划船机运动参数解算方法、外接手柄、设备及介质,2023115737715,,发明专利,CN117631832A,,等待实审提案,G06F3/01
86,青岛迈金智能科技股份有限公司,2023-11-08,一种运动训练效益的计算方法和计算装置,2023114830685,,发明专利,CN117831709A,,等待实审提案,G16H20/30
87,青岛迈金智能科技股份有限公司,2023-11-08,一种基于心率变异性的呼吸速率计算方法和计算装置,202311483051X,,发明专利,CN117503105A,,等待实审提案,A61B5/08
88,青岛迈金智能科技股份有限公司,2023-10-25,一种局部嵌入纤维的复合塑料制品、注塑方法及注塑设备,2023114012408,,发明专利,CN117301407A,,等待实审提案,B29C45/00
89,青岛迈金智能科技股份有限公司,2023-10-25,变速操作装置及骑行设备,2023228862579,2024-05-03,实用新型,,CN220884691U,专利权维持,B62M25/04
90,青岛迈金智能科技股份有限公司,2023-10-25,变速操作装置及骑行设备,2023113922745,,发明专利,CN117360681A,,进入审查,B62M25/04
91,青岛迈金智能科技股份有限公司,2023-09-26,电池仓盖装配结构,2023226291741,2024-05-03,实用新型,,CN220895751U,专利权维持,H01M50/271
92,青岛迈金智能科技股份有限公司,2023-09-22,一种骑行台的支腿开合组件,2023225764964,2024-05-03,实用新型,,CN220877644U,专利权维持,A63B22/08
93,青岛迈金智能科技股份有限公司,2023-09-22,一种骑行台,2023225764926,2024-05-03,实用新型,,CN220877688U,专利权维持,A63B69/16
94,青岛迈金智能科技股份有限公司,2023-09-22,一种骑行台,2023225786484,2024-04-19,实用新型,,CN220801872U,专利权维持,A63B69/16
95,青岛迈金智能科技股份有限公司,2023-09-22,骑行台构成部件及骑行台,2023112288926,,发明专利,CN117205528A,,一通出案待答复,A63B69/16
96,青岛迈金智能科技股份有限公司,2023-09-22,骑行台,2023112358149,,发明专利,CN117295301A,,等待实审提案,H05K7/20
97,青岛迈金智能科技股份有限公司,2023-09-22,骑行台,2023112289045,,发明专利,CN117122870A,,国优视撤,A63B22/06
98,青岛迈金智能科技股份有限公司,2023-09-22,一种骑行台地脚装置及骑行台,2023225786450,2024-04-19,实用新型,,CN220801871U,专利权维持,A63B69/16
99,青岛迈金智能科技股份有限公司,2023-09-22,一种健身器材用地脚支撑组件,2023225765007,2024-05-28,实用新型,,CN221034681U,专利权维持,F16M7/00
100,青岛迈金智能科技股份有限公司,2023-08-31,指拨装置及骑行设备,2023111152384,,发明专利,CN117262098A,,一通出案待答复,B62M25/04
101,青岛迈金智能科技股份有限公司,2023-08-31,一种控制器结构及电助力车,2023223599110,2024-04-02,实用新型,,CN220711806U,专利权维持,H05K5/02
102,青岛迈金智能科技股份有限公司,2023-08-30,自行车前拨链器,2023305587394,2024-03-26,外观设计,,CN308538903S,专利权维持,1211
103,青岛迈金智能科技股份有限公司,2023-08-29,自行车后拨器,2023305564496,2024-05-24,外观设计,,CN308650687S,专利权维持,1211
104,青岛迈金智能科技股份有限公司,2023-08-23,一种自行车后拨链器,2023222730716,2024-03-05,实用新型,,CN220555375U,专利权维持,B62M9/126
105,青岛迈金智能科技股份有限公司,2023-08-17,一种自行车电子后变速器及自行车,2023110419773,,发明专利,CN117022521A,,一通出案待答复,B62M9/122
106,青岛迈金智能科技股份有限公司,2023-08-17,一种自行车电子后变速器及自行车,2023222207352,2024-02-20,实用新型,,CN220500930U,专利权维持,B62M9/122
107,青岛迈金智能科技股份有限公司,2023-08-15,一种自行车操作装置,2023110291534,,发明专利,CN116834884A,,一通出案待答复,B62L3/02
108,青岛迈金智能科技股份有限公司,2023-08-15,自行车操作装置及自行车,2023110291411,,发明专利,CN117002666A,,一通出案待答复,B62L3/02
109,青岛迈金智能科技股份有限公司,2023-08-15,一种刹车装置及自行车,2023221919862,2024-02-27,实用新型,,CN220535870U,专利权维持,B62L3/02
110,青岛迈金智能科技股份有限公司,2023-08-14,一种骑行台,2023221849412,2024-03-26,实用新型,,CN220656305U,专利权维持,A63B22/06
111,青岛迈金智能科技股份有限公司,2023-08-11,一种连接件装置及骑行设备,2023221618738,2024-02-13,实用新型,,CN220483496U,专利权维持,B62M3/16
112,青岛迈金智能科技股份有限公司,2023-08-08,一种码表,2023221206600,2024-02-13,实用新型,,CN220490082U,专利权维持,G01C23/00
113,青岛迈金智能科技股份有限公司,2023-08-07,骑行台,2023304979393,2023-12-19,外观设计,,CN308383134S,专利权维持,2102
114,青岛迈金智能科技股份有限公司,2023-07-25,一种自行车变速装置,2023219699135,2024-01-02,实用新型,,CN220281599U,专利权维持,B62M23/00
115,青岛迈金智能科技股份有限公司,2023-06-30,一种适用于骑行设备的轴向电磁加阻系统,202310792506X,,发明专利,CN116966477A,,一通回案实审,A63B21/005
116,青岛迈金智能科技股份有限公司,2023-06-29,一种用于骑行设备之间的加速度智能交互方法及系统,2023107889947,,发明专利,CN117009812A,,等待实审提案,G06F18/214
117,青岛迈金智能科技股份有限公司,2023-06-26,一种包装盒成型装置,2023216306651,2024-02-13,实用新型,,CN220482702U,专利权维持,B31B50/28
118,青岛迈金智能科技股份有限公司,2023-06-21,一种自行车电子后变速器,2023107476164,,发明专利,CN116691912A,,公告封卷,B62M9/126
119,青岛迈金智能科技股份有限公司,2023-06-21,自行车用控制器,202330382687X,2023-11-28,外观设计,,CN308348051S,专利权维持,1211
120,青岛迈金智能科技股份有限公司,2023-06-21,一种自行车电子后变速器,2023216148516,2024-02-13,实用新型,,CN220483501U,专利权维持,B62M9/126
121,青岛迈金智能科技股份有限公司,2023-06-19,自行车前拨链器,2023303759644,2023-12-19,外观设计,,CN308381538S,专利权维持,1211
122,青岛迈金智能科技股份有限公司,2023-06-19,自行车后拨链器,2023303757278,2024-01-16,外观设计,,CN308424819S,专利权维持,1211
123,青岛迈金智能科技股份有限公司,2023-06-16,电机控制器,2023303739566,2024-01-16,外观设计,,CN308424520S,专利权维持,1005
124,青岛迈金智能科技股份有限公司,2023-06-16,自行车用控制器,2023303730557,2023-11-28,外观设计,,CN308347653S,专利权维持,1005
125,青岛迈金智能科技股份有限公司,2023-06-16,电机控制器,2023303732942,2023-11-28,外观设计,,CN308348047S,专利权维持,1211
126,青岛迈金智能科技股份有限公司,2023-06-05,一种码表后壳连接结构,2023214097026,2023-11-28,实用新型,,CN220104120U,专利权维持,G01C23/00
127,青岛迈金智能科技股份有限公司,2023-06-02,一种非智能划船机虚拟划船实现方法及装置,2023106520719,,发明专利,CN116719412A,,等待实审提案,G06F3/01
128,青岛迈金智能科技股份有限公司,2023-05-29,一种自适应卡路里的计算方法和计算系统,2023106220485,,发明专利,CN116959669A,,等待实审提案,G16H20/60
129,青岛迈金智能科技股份有限公司,2023-05-26,一种电子变速器用电池充电装置,2023213155965,2023-11-24,实用新型,,CN220076570U,专利权维持,B62J45/00
130,青岛迈金智能科技股份有限公司,2023-05-26,码表座,2023213061794,2023-09-22,实用新型,,CN219728434U,专利权维持,B62J50/22
131,青岛迈金智能科技股份有限公司,2023-05-24,一种尾灯、尾灯支架和自行车,2023212738514,2023-09-22,实用新型,,CN219728410U,专利权维持,B62J6/04
132,青岛迈金智能科技股份有限公司,2023-05-23,一种皮带张紧装置及健身车,2023212830027,2023-09-22,实用新型,,CN219734117U,专利权维持,F16H7/08
133,青岛迈金智能科技股份有限公司,2023-05-12,一种塑胶卡扣信号连接器,2023211377650,2023-11-14,实用新型,,CN220021798U,专利权维持,H01R13/639
134,青岛迈金智能科技股份有限公司,2023-05-10,用于GPS码表的雷达全局显示图形用户界面,2023302720863,2024-02-20,外观设计,,CN308478201S,专利权维持,1404
135,青岛迈金智能科技股份有限公司,2023-05-09,一种气阀及应用该气阀的内胎,2023210989217,2023-09-22,实用新型,,CN219734321U,专利权维持,F16K15/20
136,青岛迈金智能科技股份有限公司,2023-05-09,一种电助力车手柄,2023210989486,2023-09-22,实用新型,,CN219728452U,专利权维持,B62K23/02
137,青岛迈金智能科技股份有限公司,2023-05-09,一种座椅高度调节装置,2023211070638,2023-09-22,实用新型,,CN219728407U,专利权维持,B62J1/08
138,青岛迈金智能科技股份有限公司,2023-04-26,自行车用支架,2023302381741,2023-12-19,外观设计,,CN308381510S,专利权维持,1211
139,青岛迈金智能科技股份有限公司,2023-04-23,一种自行车操作装置,2023104451663,,发明专利,CN116421931A,,一通回案实审,A63B22/06
140,青岛迈金智能科技股份有限公司,2023-04-23,一种力矩传感器,2023104451818,,发明专利,CN116443160A,,一通回案实审,B62M6/50
141,青岛迈金智能科技股份有限公司,2023-03-30,一种骑行台速度的动态自适应测量方法,2023103354721,,发明专利,CN116184362A,,等待实审提案,G01S7/4913
142,青岛迈金智能科技股份有限公司,2023-02-21,一种室内单车用手变装置,2023202701227,2023-06-02,实用新型,,CN219115642U,专利权维持,B62L3/02
143,青岛迈金智能科技股份有限公司,2023-02-21,一种骑行设备用手变装置,2023202773282,2023-05-26,实用新型,,CN219077400U,专利权维持,B62L3/02
144,青岛迈金智能科技股份有限公司,2023-02-13,基于加速度计的呼吸速率检测方法、装置及穿戴设备,202310104410X,2025-10-21,发明专利,CN116269319A,CN116269319B,专利权维持,A61B5/08
145,青岛迈金智能科技股份有限公司,2023-01-29,功率训练车,2023300182226,2023-05-12,外观设计,,CN308035914S,专利权维持,2102
146,青岛迈金智能科技股份有限公司,2023-01-29,功率训练车,2023300182230,2023-04-11,外观设计,,CN307972443S,专利权维持,2102
147,青岛迈金智能科技股份有限公司,2022-12-29,自行车灯（L308）,2022308707961,2023-04-11,外观设计,,CN307973777S,专利权维持,2606
148,青岛迈金智能科技股份有限公司,2022-12-13,一种用于显示星历状态的段码屏,2022233624082,2023-05-23,实用新型,,CN219066410U,专利权维持,G09G3/36
149,青岛迈金智能科技股份有限公司,2022-12-09,力矩中轴传感器,2022308266545,2023-04-07,外观设计,,CN307956792S,专利权维持,1005
150,青岛迈金智能科技股份有限公司,2022-12-09,智能码表（C606）,202230826655X,2023-04-07,外观设计,,CN307956406S,专利权维持,1002
151,青岛迈金智能科技股份有限公司,2022-11-30,气嘴密封结构及具有该气嘴密封结构的轮胎,202223189339X,2023-05-02,实用新型,,CN218948862U,专利权维持,B60C29/06
152,青岛迈金智能科技股份有限公司,2022-11-28,一种按键扫描电路,2022231557882,2023-04-11,实用新型,,CN218850757U,专利权维持,H03M11/20
153,青岛迈金智能科技股份有限公司,2022-11-25,码表及显示设备,2022231412510,2023-04-28,实用新型,,CN218940136U,专利权维持,H01R13/52
154,青岛迈金智能科技股份有限公司,2022-11-25,一种基于动感单车的卡路里解算系统及解算方法,2022114900293,,发明专利,CN115736901A,,一通回案实审,A61B5/11
155,青岛迈金智能科技股份有限公司,2022-11-25,显示设备,2022231402839,2023-04-07,实用新型,,CN218826036U,专利权维持,G09F9/30
156,青岛迈金智能科技股份有限公司,2022-11-25,变速拉线执行器,2022307903283,2023-04-28,外观设计,,CN308005294S,专利权维持,1211
157,青岛迈金智能科技股份有限公司,2022-11-18,变速盘片,2022307702388,2023-04-07,外观设计,,CN307957984S,专利权维持,1211
158,青岛迈金智能科技股份有限公司,2022-11-09,一种自行车轮组测试装置,2022229831963,2023-02-28,实用新型,,CN218546161U,专利权维持,G01M17/013
159,青岛迈金智能科技股份有限公司,2022-10-19,低阻力传动机构及自行车,2022112807073,2025-05-16,发明专利,CN115465017A,CN115465017B,专利权维持,B60B27/02
160,青岛迈金智能科技股份有限公司,2022-10-19,海拔获取方法、系统、码表及计算机可读存储介质,2022112824492,,发明专利,CN115523896A,,一通出案待答复,G01C5/06
161,青岛迈金智能科技股份有限公司,2022-10-13,花鼓,2022306758278,2023-03-07,外观设计,,CN307896376S,专利权维持,1211
162,青岛迈金智能科技股份有限公司,2022-10-13,用于GPS码表的辅助定位图形用户界面(AGNSS),2022306753679,2023-03-17,外观设计,,CN307917896S,专利权维持,1004
163,青岛迈金智能科技股份有限公司,2022-10-08,一种电动助力自行车的桶轴电机,2022226296153,2023-04-07,实用新型,,CN218829464U,专利权维持,H02K7/116
164,青岛迈金智能科技股份有限公司,2022-09-28,一种千斤电机花鼓,2022225748740,2023-01-13,实用新型,,CN218301122U,专利权维持,H02K5/26
165,青岛迈金智能科技股份有限公司,2022-09-01,一种花鼓总成,2022223175852,2023-01-10,实用新型,,CN218257551U,专利权维持,B60B27/02
166,青岛迈金智能科技股份有限公司,2022-08-31,一种基于隐私保护的数据处理方法、系统及电子设备,2022110540551,,发明专利,CN115408711A,,等待实审提案,G06F21/62
167,青岛迈金智能科技股份有限公司,2022-08-31,一种内嵌式单铁芯变阻骑行台,2022223033796,2023-04-07,实用新型,,CN218793727U,专利权维持,A63B22/06
168,青岛迈金智能科技股份有限公司,2022-08-26,一种自上紧多楔带轮一体轴以及骑行台,2022222665799,2022-11-11,实用新型,,CN217784158U,专利权维持,F16H55/36
169,青岛迈金智能科技股份有限公司,2022-08-18,一种应变片焊接组桥系统,2022221779580,2022-12-09,实用新型,,CN217991212U,专利权维持,B23K3/00
170,青岛迈金智能科技股份有限公司,2022-08-18,一种车轮动平衡检测方法、检测系统、电子设备以及花鼓,2022109902424,,发明专利,CN115479725A,,中通回案实审,G01M1/28
171,青岛迈金智能科技股份有限公司,2022-08-11,一种应变片焊接组桥系统,2022221102397,2022-12-09,实用新型,,CN217991211U,专利权维持,B23K3/00
172,青岛迈金智能科技股份有限公司,2022-08-10,一种FTP值测算方法、测算系统以及电子设备,2022109591622,,发明专利,CN115240862A,,驳回等复审请求,G16H50/70
173,青岛迈金智能科技股份有限公司,2022-08-09,一种自行车电子后变速器,2022220858994,2023-01-13,实用新型,,CN218288023U,专利权维持,B62M25/08
174,青岛迈金智能科技股份有限公司,2022-07-27,一种旋转的无线供电通信传感器及其通信方法,2022108904051,2025-09-02,发明专利,CN115127618A,CN115127618B,专利权维持,G01D21/02
175,青岛迈金智能科技股份有限公司,2022-07-14,一种制动手柄距离调节机构,2022218088214,2022-09-16,实用新型,,CN217435969U,专利权维持,B62L3/02
176,青岛迈金智能科技股份有限公司,2022-07-13,一种自行车变速器,202221798830X,2022-11-15,实用新型,,CN217805129U,专利权维持,B62M9/04
177,青岛迈金智能科技股份有限公司,2022-07-11,基于胸带设备的心率解算方法、设备及系统,2022108140315,,发明专利,CN115486850A,,驳回等复审请求,A61B5/318
178,青岛迈金智能科技股份有限公司,2022-07-08,一种变速器结构,2022107996361,2024-07-02,发明专利,CN115009413A,CN115009413B,专利权维持,B62M25/08
179,青岛迈金智能科技股份有限公司,2022-07-08,一种手变用变速拨片结构,2022217645475,2022-11-15,实用新型,,CN217822487U,专利权维持,H01H13/14
180,青岛迈金智能科技股份有限公司,2022-07-01,变速切换结构及骑行设备,2022216769803,2022-11-18,实用新型,,CN217835935U,专利权维持,B62M25/08
181,青岛迈金智能科技股份有限公司,2022-06-28,皮带盘,2022304020673,2022-11-15,外观设计,,CN307659891S,专利权维持,1211
182,青岛迈金智能科技股份有限公司,2022-06-28,变速控制器,2022304020688,2022-11-29,外观设计,,CN307697687S,专利权维持,1211
183,青岛迈金智能科技股份有限公司,2022-06-24,一种自发电模组及健身车,2022215933586,2023-01-31,实用新型,,CN218392052U,专利权维持,A63B22/08
184,青岛迈金智能科技股份有限公司,2022-06-22,一种健身车底座以及具有俯仰功能的健身车,2022215765542,2022-11-11,实用新型,,CN217773121U,专利权维持,A63B22/08
185,青岛迈金智能科技股份有限公司,2022-06-21,一种电机控制器散热壳体,2022215544075,2022-11-11,实用新型,,CN217790135U,专利权维持,H05K7/20
186,青岛迈金智能科技股份有限公司,2022-06-20,一种电磁线圈漆包线与引出线的连接固定结构,2022215501506,2022-09-30,实用新型,,CN217522335U,专利权维持,H01R24/00
187,青岛迈金智能科技股份有限公司,2022-06-17,一种骑行台支腿防护结构,2022215161186,2022-11-01,实用新型,,CN217697857U,专利权维持,A63B69/16
188,青岛迈金智能科技股份有限公司,2022-06-15,一种电动助力自行车的无级变速结构,2022214952698,2022-11-01,实用新型,,CN217706161U,专利权维持,B62M11/14
189,青岛迈金智能科技股份有限公司,2022-06-09,一种多规格骑行台功率校准工装,2022214365379,2022-09-09,实用新型,,CN217403783U,专利权维持,G01M13/00
190,青岛迈金智能科技股份有限公司,2022-06-09,一种骑行台的高精密测试系统,2022106525671,,发明专利,CN115046775A,,等待实审提案,G01M17/007
191,青岛迈金智能科技股份有限公司,2022-06-08,一种码表及骑行设备,2022214153996,2022-09-27,实用新型,,CN217496373U,专利权维持,B62J50/22
192,青岛迈金智能科技股份有限公司,2022-06-08,一种防水按键,2022214154236,2022-11-11,实用新型,,CN217788237U,专利权维持,H01H13/06
193,青岛迈金智能科技股份有限公司,2022-06-02,一种健身车功率检测设备,2022213779907,2022-09-02,实用新型,,CN217358851U,专利权维持,G01L25/00
194,青岛迈金智能科技股份有限公司,2022-05-31,码表（C3）,2022303290228,2022-09-27,外观设计,,CN307568448S,专利权维持,1004
195,青岛迈金智能科技股份有限公司,2022-05-26,一种电助力自行车五通支架结构,202221314072X,2022-08-12,实用新型,,CN217170895U,专利权维持,B62K19/30
196,青岛迈金智能科技股份有限公司,2022-05-26,一种鞋式功率脚踏,2022213136599,2022-10-28,实用新型,,CN217661303U,专利权维持,A63B22/08
197,青岛迈金智能科技股份有限公司,2022-05-26,一种电助力自行车中轴力矩传感器系统及电助力自行车,2022213082847,2022-08-23,实用新型,,CN217260531U,专利权维持,B62M6/50
198,青岛迈金智能科技股份有限公司,2022-05-24,一种自行车智能雷达尾灯,2022212614521,2022-08-23,实用新型,,CN217260425U,专利权维持,B62J6/04
199,青岛迈金智能科技股份有限公司,2022-05-24,一种自行车尾灯固定支架,2022212614517,2022-08-12,实用新型,,CN217170869U,专利权维持,B62J6/04
200,青岛迈金智能科技股份有限公司,2022-05-18,自行车内胎气嘴,202230292859X,2022-08-02,外观设计,,CN307480748S,专利权维持,1215
201,青岛迈金智能科技股份有限公司,2022-05-18,自行车用曲柄（P505）,2022302924457,2022-08-19,外观设计,,CN307504763S,专利权维持,1211
202,青岛迈金智能科技股份有限公司,2022-05-18,可调式曲柄（T8100）,2022302924565,2022-08-23,外观设计,,CN307510704S,专利权维持,1211
203,青岛迈金智能科技股份有限公司,2022-05-18,电助力车用表头（DY20）,2022302924442,2022-08-23,外观设计,,CN307510075S,专利权维持,1004
204,青岛迈金智能科技股份有限公司,2022-05-18,骑行台（T110）,2022302928655,2022-08-26,外观设计,,CN307517560S,专利权维持,2102
205,青岛迈金智能科技股份有限公司,2022-05-18,曲柄（牙盘组版）,202230292457X,2022-08-16,外观设计,,CN307500041S,专利权维持,1211
206,青岛迈金智能科技股份有限公司,2022-05-17,电助力车用支架（DY20）,2022302899544,2022-08-16,外观设计,,CN307500039S,专利权维持,1211
207,青岛迈金智能科技股份有限公司,2022-05-17,电助力车用控制器（DY20）,2022302899559,2022-08-16,外观设计,,CN307500131S,专利权维持,1216
208,青岛迈金智能科技股份有限公司,2022-05-17,雷达尾灯,202230290121X,2022-08-16,外观设计,,CN307502269S,专利权维持,2606
209,青岛迈金智能科技股份有限公司,2022-05-17,电助力车用控制器（DY10）,2022302901008,2022-08-12,外观设计,,CN307495598S,专利权维持,1216
210,青岛迈金智能科技股份有限公司,2022-05-17,自行车尾灯底座,202230289953X,2022-08-12,外观设计,,CN307497315S,专利权维持,2606
211,青岛迈金智能科技股份有限公司,2022-05-13,一种散热装置以及自发电功率健身车,2022211567862,2022-08-23,实用新型,,CN217283916U,专利权维持,H05K7/20
212,青岛迈金智能科技股份有限公司,2022-05-12,一种自行车踏频稳定系统及方法,2022105133983,,发明专利,CN114776797A,,驳回失效,F16H59/02
213,青岛迈金智能科技股份有限公司,2022-05-07,一种电子变速器系统,2022104931581,2024-05-28,发明专利,CN115009412A,CN115009412B,专利权维持,B62M25/08
214,青岛迈金智能科技股份有限公司,2022-05-07,一种电助力车电机控制器,2022210875654,2022-08-09,实用新型,,CN217160355U,专利权维持,H05K7/20
215,青岛迈金智能科技股份有限公司,2022-05-07,一种通用性的骑行车轮转速测速方法、设备及存储介质,2022104907224,,发明专利,CN114840998A,,等待实审提案,G06F30/20
216,青岛迈金智能科技股份有限公司,2022-05-06,一种自行车码表段码屏的装配结构,2022210717364,2022-07-22,实用新型,,CN217022762U,专利权维持,B62J50/22
217,青岛迈金智能科技股份有限公司,2022-05-06,一种防水按键结构,2022210710134,2022-09-23,实用新型,,CN217485328U,专利权维持,H01H13/06
218,青岛迈金智能科技股份有限公司,2022-04-25,一种动感单车电子操作装置,2022104384560,,发明专利,CN114832296A,,驳回失效,A63B22/06
219,青岛迈金智能科技股份有限公司,2022-04-25,一种速度获取方法、装置、电子设备及存储介质,2022104428569,2023-08-04,发明专利,CN114859070A,CN114859070B,专利权维持,G01P3/00
220,青岛迈金智能科技股份有限公司,2022-04-25,一种刹车状态识别方法、装置、电子设备及存储介质,2022104413281,2024-12-06,发明专利,CN114964805A,CN114964805B,专利权维持,G01M17/007
221,青岛迈金智能科技股份有限公司,2022-04-25,一种码表骑行设备的指北方法及装置,2022104428450,,发明专利,CN114814910A,,驳回等复审请求,G01S19/39
222,青岛迈金智能科技股份有限公司,2022-04-25,一种基于穿戴式设备的运动状态识别方法及装置,2022104428588,2025-02-14,发明专利,CN114861713A,CN114861713B,专利权维持,G06F18/24
223,青岛迈金智能科技股份有限公司,2022-04-22,一种车把调节装置,2022209723788,2022-09-02,实用新型,,CN217340010U,专利权维持,A63B71/00
224,青岛迈金智能科技股份有限公司,2022-04-21,一种自行车无线充电装置,2022104199502,2025-03-11,发明专利,CN114793002A,CN114793002B,专利权维持,H02J7/00
225,青岛迈金智能科技股份有限公司,2022-04-19,一种漏光及光灵敏度测试台,2022209015784,2022-08-05,实用新型,,CN217132523U,专利权维持,G01M11/00
226,青岛迈金智能科技股份有限公司,2022-04-15,一种自行车智能花鼓,202220866145X,2022-08-02,实用新型,,CN217099539U,专利权维持,B60B27/00
227,青岛迈金智能科技股份有限公司,2022-04-06,一种基于加速度功率计的踏频解算方法,2022103575397,2024-09-06,发明专利,CN115062639A,CN115062639B,专利权维持,G06F18/24
228,青岛迈金智能科技股份有限公司,2022-03-24,一种改善骑行台扭矩稳定性的电磁阻力系统,2022102957568,,发明专利,CN114699711A,,驳回失效,A63B21/005
229,青岛迈金智能科技股份有限公司,2022-03-22,一种电动助力自行车无级变速器,2022206319082,2022-06-28,实用新型,,CN216834139U,专利权维持,B62M25/00
230,青岛迈金智能科技股份有限公司,2022-03-14,一种速度踏频器安装结构,202220550312X,2022-06-17,实用新型,,CN216762013U,专利权维持,B62J45/412
231,青岛迈金智能科技股份有限公司,2022-03-09,一种电磁铁的混合调制驱动系统及方法,2022102316677,2025-02-11,发明专利,CN114582585A,CN114582585B,专利权维持,H01F7/06
232,青岛迈金智能科技股份有限公司,2022-03-04,一种基于转动发电的发电装置,2022204700775,2022-07-19,实用新型,,CN217010668U,专利权维持,H02K35/02
233,青岛迈金智能科技股份有限公司,2022-03-04,超轻一体盘片（KSA-10）,2022301088208,2022-06-28,外观设计,,CN307423363S,专利权维持,1211
234,青岛迈金智能科技股份有限公司,2022-03-04,一种基于转动发电的发电装置及踏频计算方法,2022102074004,2025-03-11,发明专利,CN114576116A,CN114576116B,专利权维持,F03G5/02
235,青岛迈金智能科技股份有限公司,2022-02-17,手变（室内版）,2022300770539,2022-06-03,外观设计,,CN307383718S,专利权维持,1211
236,青岛迈金智能科技股份有限公司,2022-02-17,一种电磁线圈直流回路及设备,202210144512X,2025-07-04,发明专利,CN114448241A,CN114448241B,专利权维持,H02M3/157
237,青岛迈金智能科技股份有限公司,2022-02-17,速度踏频传感器,2022300770581,2022-04-19,外观设计,,CN307276957S,专利权维持,1005
238,青岛迈金智能科技股份有限公司,2022-02-11,一种心率传感器及心率数值计算方法,2022101279115,2023-08-08,发明专利,CN114469039A,CN114469039B,专利权维持,A61B5/024
239,青岛迈金智能科技股份有限公司,2022-02-09,橡胶圈（田字形）,202230065812X,2022-04-19,外观设计,,CN307275123S,专利权维持,0808
240,青岛迈金智能科技股份有限公司,2022-02-09,一种基于时/频双域分析的自行车轴承检测方法,2022101219947,2024-10-22,发明专利,CN114486254A,CN114486254B,专利权维持,G01M13/04
241,青岛迈金智能科技股份有限公司,2022-01-21,心率臂带,2022300430363,2022-05-13,外观设计,,CN307340471S,专利权维持,2401
242,青岛迈金智能科技股份有限公司,2022-01-20,一种轮体控制结构以及健身车,2022201604884,2022-06-17,实用新型,,CN216755308U,专利权维持,A63B22/06
243,青岛迈金智能科技股份有限公司,2022-01-05,用于电助力车仪表盘数据参数显示的图形用户界面,2022300032120,2022-11-04,外观设计,,CN307638043S,专利权维持,1216
244,青岛迈金智能科技股份有限公司,2021-12-31,一种骑行设备自发电模块,2021234402662,2022-07-19,实用新型,,CN216986200U,专利权维持,A63B22/08
245,青岛迈金智能科技股份有限公司,2021-12-28,一种骑行台智能永磁体位移模组,2021233627141,2022-06-07,实用新型,,CN216676852U,专利权维持,A63B22/08
246,青岛迈金智能科技股份有限公司,2021-12-28,一种智能变阻功率骑行台,2021233625305,2022-05-31,实用新型,,CN216629546U,专利权维持,A63B22/08
247,青岛迈金智能科技股份有限公司,2021-12-28,一种智能骑行设备及其功率计算方法,2021116269747,2023-03-24,发明专利,CN114272559A,CN114272559B,专利权维持,A63B22/06
248,青岛迈金智能科技股份有限公司,2021-12-24,一种骑行心率检测稳定算法及心率计,2021115958884,2023-11-28,发明专利,CN114305371A,CN114305371B,专利权维持,A61B5/024
249,青岛迈金智能科技股份有限公司,2021-12-13,一种包含拉线式制动装置的电动车,2021231230236,2022-08-23,实用新型,,CN217260435U,专利权维持,B62J11/13
250,青岛迈金智能科技股份有限公司,2021-12-08,一种多功能电动助力车码表支架,2021230743691,2022-04-08,实用新型,,CN216232761U,专利权维持,B62J50/22
251,青岛迈金智能科技股份有限公司,2021-11-24,一种基于气压计码表的停车判定方法,2021114043958,2024-05-24,发明专利,CN114264315A,CN114264315B,专利权维持,G01C22/00
252,青岛迈金智能科技股份有限公司,2021-11-15,一种自行车用电子拉线装置及自行车,2021227922357,2022-09-20,实用新型,,CN217456256U,专利权维持,B62M25/02
253,青岛迈金智能科技股份有限公司,2021-11-15,一种自行车用电子拉线装置,2021113443864,,发明专利,CN114228898A,,驳回失效,B62M25/08
254,青岛迈金智能科技股份有限公司,2021-11-12,一种皮带盘功率计,2021113385642,,发明专利,CN114247087A,,驳回失效,A63B22/06
255,青岛迈金智能科技股份有限公司,2021-11-12,一种皮带盘功率模组相配合的中轴结构,2021227815374,2022-09-09,实用新型,,CN217401645U,专利权维持,F16H57/00
256,青岛迈金智能科技股份有限公司,2021-11-02,一种轻型载荷链传动用变速链轮结构及其优化方法,2021112877372,2023-04-07,发明专利,CN113998049A,CN113998049B,专利权维持,B62M9/12
257,青岛迈金智能科技股份有限公司,2021-11-02,一种适用于轻型载荷链传动的可变速比链轮结构,2021226660959,2022-03-01,实用新型,,CN215928279U,专利权维持,F16H9/24
258,青岛迈金智能科技股份有限公司,2021-10-26,一种骑行设备飞轮模组,2021225896979,2022-04-19,实用新型,,CN216319753U,专利权维持,A63B22/08
259,青岛迈金智能科技股份有限公司,2021-09-26,一种用于检测自行车损耗的方法及装置,202111126944X,2024-04-26,发明专利,CN113865885A,CN113865885B,专利权维持,G01M17/007
260,青岛迈金智能科技股份有限公司,2021-08-06,一种心率带设备及其步长解算方法,2021109025466,2022-07-19,发明专利,CN113577747A,CN113577747B,专利权维持,A63B71/06
261,青岛迈金智能科技股份有限公司,2021-08-03,一种用于盘爪踏频计的自动参数优化的滤波系统,2021108846456,2024-07-23,发明专利,CN113659962A,CN113659962B,专利权维持,H03H17/02
262,青岛迈金智能科技股份有限公司,2021-07-15,一种骑行码表设备及骑行码表初始姿态自动校准方法,2021108005643,2024-10-15,发明专利,CN113532477A,CN113532477B,专利权维持,G01C25/00
263,青岛迈金智能科技股份有限公司,2021-07-15,一种皮带张紧机构以及传动轮组,2021216143570,2022-01-18,实用新型,,CN215567710U,专利权维持,F16H7/12
264,青岛迈金智能科技股份有限公司,2021-07-02,心率传感器（H003）,2021304166416,2021-10-29,外观设计,,CN306909262S,专利权维持,2401
265,青岛迈金智能科技股份有限公司,2021-07-02,动感单车（G701）,2021304165841,2021-12-10,外观设计,,CN306993557S,专利权维持,2102
266,青岛迈金智能科技股份有限公司,2021-06-22,自行车花鼓,202130384735X,2022-02-25,外观设计,,CN307129508S,专利权维持,1211
267,青岛迈金智能科技股份有限公司,2021-06-11,一种车架及包含该车架的健身车,2021213060487,2022-02-18,实用新型,,CN215841425U,专利权维持,A63B22/06
268,青岛迈金智能科技股份有限公司,2021-06-08,一种运动心率带心电信号处理电路,2021212780796,2022-08-02,实用新型,,CN217090737U,专利权维持,A61B5/318
269,青岛迈金智能科技股份有限公司,2021-06-04,一种应用于健身车车座杆或车把杆的防拔出机构,2021212511179,2022-02-18,实用新型,,CN215841424U,专利权维持,A63B22/06
270,青岛迈金智能科技股份有限公司,2021-05-28,一种骑行台可摇转换头安装结构,2021211714585,2021-12-10,实用新型,,CN215084597U,专利权维持,A63B22/06
271,青岛迈金智能科技股份有限公司,2021-05-28,一种具有绝缘结构的心率带以及心率监测器,202121182353X,2021-12-31,实用新型,,CN215348943U,专利权维持,A61B5/024
272,青岛迈金智能科技股份有限公司,2021-05-28,心率传感器,2021303232266,2021-12-31,外观设计,,CN307040762S,专利权维持,1005
273,青岛迈金智能科技股份有限公司,2021-05-28,一种集成式骑行台功率模组,2021211715291,2022-04-29,实用新型,,CN216395146U,专利权维持,A63B21/005
274,青岛迈金智能科技股份有限公司,2021-05-28,一种可摇式智能骑行训练装置,202121171297X,2022-01-11,实用新型,,CN215461901U,专利权维持,A63B69/16
275,青岛迈金智能科技股份有限公司,2021-05-28,柔性支撑平台的弹力伸缩装置及骑行台,2021211728925,2022-01-04,实用新型,,CN215387328U,专利权维持,A63B22/06
276,青岛迈金智能科技股份有限公司,2021-05-24,骑行台轴承管套,2021211206003,2022-03-22,实用新型,,CN216111774U,专利权维持,F16C35/00
277,青岛迈金智能科技股份有限公司,2021-05-21,一种能够多自由度活动的健身车,2021211129134,2022-02-18,实用新型,,CN215841429U,专利权维持,A63B22/08
278,青岛迈金智能科技股份有限公司,2021-03-26,一种具有实时功率检测功能的健身车,2021103316260,2022-02-18,发明专利,CN112999575A,CN112999575B,专利权维持,A63B22/06
279,青岛迈金智能科技股份有限公司,2021-03-26,一种健身车用制动装置,2021206168162,2022-02-18,实用新型,,CN215841427U,专利权维持,A63B22/08
280,青岛迈金智能科技股份有限公司,2021-03-26,一种公路车曲柄结构,2021206269159,2021-11-23,实用新型,,CN214823901U,专利权维持,B62M3/00
281,青岛迈金智能科技股份有限公司,2021-03-26,一种公路车驱动侧右曲柄与牙盘组件装配结构,2021206180338,2021-12-14,实用新型,,CN215155405U,专利权维持,B62M3/00
282,青岛迈金智能科技股份有限公司,2021-03-26,一种健身车用恒定功率控制装置,2021206229715,2022-04-08,实用新型,,CN216222813U,专利权维持,A63B24/00
283,青岛迈金智能科技股份有限公司,2021-03-24,一种骑行台散热器,2021205972151,2021-10-08,实用新型,,CN214382005U,专利权维持,H05K7/20
284,青岛迈金智能科技股份有限公司,2021-02-26,公路车盘爪,2021204223023,2021-10-26,实用新型,,CN214502734U,专利权维持,G01L3/24
285,青岛迈金智能科技股份有限公司,2021-02-26,轻量化的公路车盘爪,2021204223019,2021-10-15,实用新型,,CN214407836U,专利权维持,G01L3/24
286,青岛迈金智能科技股份有限公司,2021-01-25,一种自行车踏频传感器,202120202308X,2021-11-26,实用新型,,CN214875300U,专利权维持,B62J45/41
287,青岛迈金智能科技股份有限公司,2020-12-07,一种提高ADC分辨率的采样系统,2020229328299,2021-08-03,实用新型,,CN213879798U,专利权维持,H03M1/54
288,青岛迈金智能科技股份有限公司,2020-12-07,一种提高ADC分辨率的采样系统及采样方法,202011435518X,,发明专利,CN112532249A,,驳回等复审请求,H03M1/54
289,青岛迈金智能科技股份有限公司,2020-12-07,一种复位电路,2020229415386,2021-07-30,实用新型,,CN213846643U,专利权维持,H03K17/22
290,青岛迈金智能科技股份有限公司,2020-11-24,一种踏频检测系统,202022754835X,2021-08-03,实用新型,,CN213862516U,专利权维持,B62J45/41
291,青岛迈金智能科技股份有限公司,2020-11-24,一种按键检测电路,2020227548824,2021-08-03,实用新型,,CN213875939U,专利权维持,G01R31/327
292,青岛迈金智能科技股份有限公司,2020-11-13,一种三轴加速度计测量跑步步态的方法,2020112665232,2023-05-26,发明专利,CN112244820A,CN112244820B,专利权维持,A61B5/11
293,青岛迈金智能科技股份有限公司,2020-11-04,曲柄功率计,2020306629117,2021-03-23,外观设计,,CN306400357S,专利权维持,1004
294,青岛迈金智能科技股份有限公司,2020-11-03,一种速度模拟功率的方法、系统及其设备,2020112106248,2022-02-18,发明专利,CN112535840A,CN112535840B,专利权维持,A63B22/06
295,青岛迈金智能科技股份有限公司,2020-09-09,一种用于室内骑行训练的柔性支撑平台,2020109383368,2021-12-03,发明专利,CN112023347A,CN112023347B,专利权维持,A63B22/08
296,青岛迈金智能科技股份有限公司,2020-09-09,一种夹爪式脚踏功率模块充电结构,2020219477507,2021-03-23,实用新型,,CN212784854U,专利权维持,H02J7/00
297,青岛迈金智能科技股份有限公司,2020-06-17,一种曲柄功率计,202021121602X,2021-04-27,实用新型,,CN213049329U,专利权维持,A63B71/06
298,青岛迈金智能科技股份有限公司,2020-06-05,码表支架,2020302781172,2020-10-16,外观设计,,CN306103200S,专利权维持,0808
299,青岛迈金智能科技股份有限公司,2020-06-05,带自行车行驶数据图形用户界面的自行车码表,2020302782156,2020-10-09,外观设计,,CN306091559S,专利权维持,1004
300,青岛迈金智能科技股份有限公司,2020-06-05,带自行车行驶数据图形用户界面的自行车码表,2020302782211,2020-10-09,外观设计,,CN306091560S,专利权维持,1004
301,青岛迈金智能科技股份有限公司,2020-06-05,一种具有防水密封性能的码表壳体及码表,2020210119111,2020-11-13,实用新型,,CN211926885U,专利权维持,G01C22/00
302,青岛迈金智能科技股份有限公司,2020-06-05,一种码表密封屏幕及码表,2020210151935,2020-11-13,实用新型,,CN211926886U,专利权维持,G01C22/00
303,青岛迈金智能科技股份有限公司,2020-06-05,一种具有段式LCD屏手持设备的数据显示方法,2020105035479,2023-11-28,发明专利,CN111666058A,CN111666058B,专利权维持,G06F3/147
304,青岛迈金智能科技股份有限公司,2020-05-09,骑行台（T100）,2020302067040,2020-08-28,外观设计,,CN306020148S,专利权维持,2102
305,青岛迈金智能科技股份有限公司,2020-04-07,一种永磁铁加阻超静音智能骑行台,202020490065X,2020-11-10,实用新型,,CN211885151U,专利权维持,A63B22/08
306,青岛迈金智能科技股份有限公司,2020-04-07,一种高防水型盘爪功率计,2020204948659,2020-11-27,实用新型,,CN212031590U,专利权维持,G01R21/00
307,青岛迈金智能科技股份有限公司,2020-03-24,一种电磁加阻的智能骑行台,2020203845068,2020-11-06,实用新型,,CN211863687U,专利权维持,A63B21/005
308,青岛迈金智能科技股份有限公司,2020-03-10,一种在骑行台上测量踏频的方法,2020101606353,2022-10-04,发明专利,CN111273051A,CN111273051B,专利权维持,G01P3/36
309,青岛迈金智能科技股份有限公司,2020-02-29,一种骑行台主梁,2020101320623,2021-04-16,发明专利,CN111298369A,CN111298369B,专利权维持,A63B22/08
310,青岛迈金智能科技股份有限公司,2020-02-27,一种骑行台软硬调节塑料支腿,2020202190764,2020-11-13,实用新型,,CN211912584U,专利权维持,A63B22/08
311,青岛迈金智能科技股份有限公司,2020-02-27,一种骑行台的支腿折叠结构,2020202194021,2020-11-13,实用新型,,CN211912581U,专利权维持,A63B22/06
312,青岛迈金智能科技股份有限公司,2020-02-12,一种三相交流发电机的驱动电路,202020165832X,2020-08-14,实用新型,,CN211266813U,专利权维持,H02P9/30
313,青岛迈金智能科技股份有限公司,2019-12-30,一种骑行台测试工装,2019224418154,2020-08-28,实用新型,,CN211373677U,专利权维持,G01D21/00
314,青岛迈金智能科技股份有限公司,2019-12-06,智能骑行台,2019306808542,2020-07-17,外观设计,,CN305929429S,专利权维持,2102
315,青岛迈金智能科技股份有限公司,2019-12-05,一种外置式跑步机采集装置,201922156614X,2020-08-21,实用新型,,CN211301914U,专利权维持,A63B22/02
316,青岛迈金智能科技股份有限公司,2019-09-27,一种应用于永磁阻尼健身车的被动式档位电子反馈模块,2019109233353,2021-10-26,发明专利,CN110721429A,CN110721429B,专利权维持,A63B21/00
317,青岛迈金智能科技股份有限公司,2019-09-24,心率带,2019305234625,2020-05-05,外观设计,,CN305757061S,专利权维持,1005
318,青岛迈金智能科技股份有限公司,2019-08-26,一种踏板结构,2019213914108,2020-06-05,实用新型,,CN210681044U,专利权维持,B62M3/08
319,青岛迈金智能科技股份有限公司,2019-08-26,一种脚踏结构,2019213917801,2020-06-26,实用新型,,CN210852775U,专利权维持,B62M3/08
320,青岛迈金智能科技股份有限公司,2019-08-16,一种脚踏功率采集装置,2019107590178,2021-06-15,发明专利,CN110567621A,CN110567621B,专利权维持,G01L3/24
321,青岛迈金智能科技股份有限公司,2019-07-22,一种宽范围输入的升降压电路,2019211507126,2020-12-08,实用新型,,CN212115159U,专利权维持,H02M3/156
322,青岛迈金智能科技股份有限公司,2019-06-06,长度可调曲柄,2019302932822,2020-01-21,外观设计,,CN305568775S,专利权维持,1509
323,青岛迈金智能科技股份有限公司,2019-06-06,一种新型长度可调曲柄机构,2019208537107,2020-02-07,实用新型,,CN210027783U,专利权维持,B62M3/02
324,青岛迈金智能科技股份有限公司,2019-04-29,一种双边曲柄功率计测试基准系统,2019206031783,2019-12-13,实用新型,,CN209783815U,专利权维持,G01L25/00
325,青岛迈金智能科技股份有限公司,2019-04-29,曲柄功率计测试基准控制系统,2019103533636,2024-10-01,发明专利,CN109990944A,CN109990944B,专利权维持,G01L25/00
326,青岛迈金智能科技股份有限公司,2019-04-29,曲柄功率计测试基准控制系统,2019206032269,2019-12-13,实用新型,,CN209783816U,未缴年费终止失效,G01L25/00
327,青岛迈金智能科技股份有限公司,2019-04-29,曲柄功率计测试基准系统,2019206032911,2020-03-31,实用新型,,CN210221381U,放弃专利权（重复授权）,G01L25/00
328,青岛迈金智能科技股份有限公司,2019-04-29,一种链条曲柄加载水平调节系统,2019206032930,2019-11-29,实用新型,,CN209706993U,专利权维持,G01L3/24
329,青岛迈金智能科技股份有限公司,2019-04-29,曲柄功率计测试基准系统,2019103534094,2025-03-11,发明专利,CN109990945A,CN109990945B,专利权维持,G01L25/00
330,青岛迈金智能科技股份有限公司,2019-04-29,一种砝码组,2019206032945,2019-12-13,实用新型,,CN209783728U,专利权维持,G01G21/26
331,青岛迈金智能科技股份有限公司,2019-04-26,带功率计的牙盘曲柄组件,2019301990464,2019-12-13,外观设计,,CN305489541S,专利权维持,0701
332,青岛迈金智能科技股份有限公司,2019-02-20,一种骑行台路感模拟实现方法,2019101278816,2023-11-28,发明专利,CN111589164A,CN111589164B,专利权维持,A63F13/803
333,青岛迈金智能科技股份有限公司,2019-02-20,一种直驱式自发电骑行台,2019202313282,2019-11-22,实用新型,,CN209662538U,专利权维持,A63B22/06
334,青岛迈金智能科技股份有限公司,2018-12-29,免锁紧涨紧轮机构,2018222507820,2019-09-13,实用新型,,CN209385588U,专利权维持,F16H7/08
335,青岛迈金智能科技股份有限公司,2018-12-29,摇车智能骑行台,2018222507835,2019-11-29,实用新型,,CN209696238U,专利权维持,A63B69/16
336,青岛迈金智能科技股份有限公司,2018-12-21,动感单车（G81）,2018307444002,2019-06-11,外观设计,,CN305211794S,专利权维持,2102
337,青岛迈金智能科技股份有限公司,2018-11-07,一种坐杆夹组件及包含该组件的车辆,2018218332096,2019-06-04,实用新型,,CN208931497U,专利权维持,B62J1/08
338,青岛迈金智能科技股份有限公司,2018-10-25,一种功率测试设备,2018217340803,2019-06-18,实用新型,,CN208998976U,专利权维持,G01L3/24
339,青岛迈金智能科技股份有限公司,2018-10-25,一种健身车用刹车装置,2018112483538,2020-06-12,发明专利,CN109173154A,CN109173154B,专利权维持,A63B22/06
340,青岛迈金智能科技股份有限公司,2018-09-07,一种运动频率计算方法和装置,2018110435652,2021-06-25,发明专利,CN109212260A,CN109212260B,专利权维持,G01P15/00
341,青岛迈金智能科技股份有限公司,2018-09-07,一种计圈方法和装置,2018110444401,2021-03-02,发明专利,CN109238300A,CN109238300B,专利权维持,G01C22/00
342,青岛迈金智能科技股份有限公司,2018-06-21,一种基于多沟槽皮带相对滑动的骑行台补偿算法,2018106399973,2019-11-22,发明专利,CN108801522A,CN108801522B,专利权维持,G01L3/24
343,青岛迈金智能科技股份有限公司,2018-06-07,一种基于三轴地磁传感器的设备姿态识别方法,201810580741X,2020-03-03,发明专利,CN108682059A,CN108682059B,专利权维持,G07C5/08
344,青岛迈金智能科技股份有限公司,2018-06-07,一种电磁加阻系统的电流转速换算扭矩的方法,2018105803620,2021-01-29,发明专利,CN109000833A,CN109000833B,专利权维持,G01L3/00
345,青岛迈金智能科技股份有限公司,2018-05-23,一种电磁加阻装置,2018207725142,2018-12-07,实用新型,,CN208193476U,专利权维持,A63B21/005
346,青岛迈金智能科技股份有限公司,2018-05-21,一种心率检测模块及心率带,2018207610524,2018-11-23,实用新型,,CN208142255U,专利权维持,H01M2/10
347,青岛迈金智能科技股份有限公司,2017-07-25,一种套管式高度调节装置及自行车、动感单车,2017209062197,2018-03-02,实用新型,,CN207060230U,专利权维持,B62J1/08
348,青岛迈金智能科技股份有限公司,2017-04-19,一种电磁加阻的超静音智能功率骑行台,2017102564021,2022-05-10,发明专利,CN106890444A,CN106890444B,专利权维持,A63B69/16
349,青岛迈金智能科技股份有限公司,2017-04-19,一种直驱式骑行台的传动装置,201720411917X,2018-11-13,实用新型,,CN208081733U,专利权维持,A63B22/06
350,青岛迈金智能科技股份有限公司,2017-04-19,一种电磁加阻的超静音功率骑行台,2017204115319,2018-04-06,实用新型,,CN207187051U,专利权维持,A63B69/16
351,青岛迈金智能科技股份有限公司,2017-04-19,一种骑行台的电磁加阻装置,2017204115728,2018-04-06,实用新型,,CN207186989U,专利权维持,A63B21/005
352,青岛迈金智能科技股份有限公司,2017-04-19,用于骑行的双模式监测装置,2017204119023,2018-01-09,实用新型,,CN206862370U,专利权维持,G01C21/08
